EmpID,Name,Age,Gender,Department,City,Salary,JoiningDate,Email,Phone
1001,Amit,25.0,M,IT,Mumbai,50000.0,2022-10-01,amit@gmail.com,9876543210
1002,Riya,35.0,F,HR,Delhi,60000.0,2000-01-01,riya@gmail.com,Unknown
1003,John,30.0,M,IT,Unknown,70000.0,2000-01-01,john@gmail.com,9123456789
1004,Sara,28.0,F,Finance,Pune,70000.0,2000-01-01,sara@gmail.com,9988776655
1005,Amit,25.0,M,IT,Mumbai,50000.0,2022-10-01,amit@gmail.com,9876543210
1006,Neha,35.0,F,HR,Bangalore,45000.0,2000-01-01,Unknown,8899776655
1007,Rahul,35.0,M,IT,Mumbai,90000.0,2000-01-01,rahul@gmail.com,9988665544
1008,Unknown,29.0,F,Finance,Delhi,65000.0,2020-01-12,Unknown,9871234560
1009,Priya,27.0,F,Marketing,Unknown,55000.0,2000-01-01,priya@gmail.com,9998887776
1010,Arjun,40.0,M,IT,Pune,120000.0,2019-12-04,arjun@gmail.com,8887776665
1011,Karan,34.0,M,HR,Delhi,80000.0,2000-01-01,karan@gmail.com,Unknown
1012,Sneha,35.0,F,Marketing,Mumbai,58000.0,2022-10-02,sneha@gmail.com,9876540000
1013,Meera,26.0,F,Finance,Bangalore,62000.0,2000-01-01,meera@gmail.com,9988123456
1014,John,30.0,M,IT,Unknown,70000.0,2000-01-01,john@gmail.com,9123456789
1015,Ankit,31.0,M,IT,Mumbai,75000.0,2000-01-01,ankit@gmail.com,9898989898
1016,Ritu,29.0,F,Unknown,Delhi,54000.0,2022-01-07,ritu@gmail.com,9765432109
1017,Vikram,45.0,M,Finance,Pune,150000.0,2018-05-01,vikram@gmail.com,9999999999
1018,Sunita,35.0,F,HR,Unknown,48000.0,2000-01-01,sunita@gmail.com,8888888888
1019,Rohan,33.0,M,Marketing,Mumbai,70000.0,2000-01-01,rohan@gmail.com,Unknown
1020,Pooja,24.0,F,IT,Bangalore,40000.0,2023-01-06,pooja@gmail.com,9876501234
1021,Ashish,38.0,M,IT,Delhi,110000.0,2000-01-01,ashish@gmail.com,9090909090
1022,Divya,35.0,F,Finance,Mumbai,67000.0,2000-01-01,divya@gmail.com,9991112223
1023,Nikhil,27.0,M,Marketing,Pune,52000.0,2000-01-01,nikhil@gmail.com,9874563210
1024,Swati,36.0,F,HR,Bangalore,85000.0,2000-01-01,swati@gmail.com,9812345678
1025,Manish,41.0,M,IT,Unknown,130000.0,2000-01-01,manish@gmail.com,9870001112
1026,Tina,23.0,F,Marketing,Delhi,38000.0,2000-01-01,tina@gmail.com,Unknown
1027,Raj,50.0,M,Finance,Mumbai,200000.0,2015-10-04,raj@gmail.com,9990009990
1028,Neeraj,34.0,M,Unknown,Pune,78000.0,2000-01-01,neeraj@gmail.com,8881112223
1029,Kavita,28.0,F,HR,Mumbai,70000.0,2000-01-01,kavita@gmail.com,9877776666
1030,Sameer,35.0,M,IT,Bangalore,92000.0,2000-01-01,sameer@gmail.com,9899998888
1031,Sameer,35.0,M,IT,Bangalore,92000.0,2000-01-01,sameer@gmail.com,9899998888
1032,Anjali,35.0,F,HR,Pune,61000.0,2022-02-02,anjali@gmail.com,9988771234
1033,Prakash,39.0,M,IT,Mumbai,70000.0,2018-07-07,prakash@gmail.com,9988112233
1034,Ramesh,35.0,M,Finance,Delhi,82000.0,2000-01-01,ramesh@gmail.com,9876123456
1035,Sonal,31.0,F,Marketing,Mumbai,56000.0,2021-09-09,sonal@gmail.com,Unknown
1036,Ajay,35.0,M,IT,Pune,88000.0,2020-11-11,ajay@gmail.com,9876000000
1037,Unknown,45.0,M,Finance,Unknown,140000.0,2000-01-01,Unknown,9998887770
1038,Priya,27.0,F,Marketing,Unknown,55000.0,2000-01-01,priya@gmail.com,9998887776
1039,Deepak,35.0,M,IT,Bangalore,91000.0,2000-01-01,deepak@gmail.com,9873332211
1040,Rekha,60.0,F,HR,Mumbai,30000.0,2010-01-01,rekha@gmail.com,8884443332
1041,Rohit,29.0,M,IT,Mumbai,72000.0,2000-01-01,rohit@gmail.com,9871112223
1042,Anu,35.0,F,HR,Delhi,56000.0,2000-01-01,Unknown,Unknown
1043,Unknown,34.0,M,Finance,Pune,89000.0,2019-01-12,Unknown,Unknown
1044,Kunal,35.0,M,IT,Bangalore,65000.0,2000-01-01,kunal@gmail.com,Unknown
1045,Pallavi,27.0,F,Marketing,Unknown,48000.0,2000-01-01,pallavi@gmail.com,9999999999
1046,Aman,35.0,M,IT,Mumbai,70000.0,2000-01-01,aman@gmail.com,9876500000
1047,Sheetal,35.0,F,HR,Pune,70000.0,2000-01-01,sheetal@gmail.com,Unknown
1048,Vinod,52.0,M,Finance,Delhi,160000.0,2014-10-04,vinod@gmail.com,9991113332
1049,Rakesh,45.0,M,Unknown,Mumbai,70000.0,2016-07-07,rakesh@gmail.com,9898989898
1050,Nisha,31.0,F,Marketing,Bangalore,59000.0,2000-01-01,nisha@gmail.com,1234567890
1051,Rajesh,38.0,M,IT,Unknown,98000.0,2000-01-01,rajesh@gmail.com,Unknown
1052,Monika,35.0,F,HR,Mumbai,51000.0,2000-01-01,monika@gmail.com,9871234567
1053,Suresh,60.0,M,Finance,Pune,210000.0,2010-01-01,suresh@gmail.com,Unknown
1054,Aarti,26.0,F,Unknown,Delhi,47000.0,2000-01-01,Unknown,9870000000
1055,Deepa,28.0,F,Marketing,Mumbai,70000.0,2000-01-01,deepa@gmail.com,Unknown
1056,Sameer,35.0,M,IT,Bangalore,93000.0,2021-05-14,sameer@gmail.com,9899998888
1057,Harsh,41.0,M,Finance,Unknown,115000.0,2000-01-01,harsh@gmail.com,Unknown
1058,Pankaj,39.0,M,IT,Pune,88000.0,2018-11-11,pankaj@gmail.com,Unknown
1059,Neelam,35.0,F,HR,Bangalore,53000.0,2000-01-01,neelam@gmail.com,9876549999
1060,Kirti,35.0,F,Marketing,Delhi,61000.0,2000-01-01,kirti@gmail.com,9998887776
1061,Imran,33.0,M,IT,Mumbai,87000.0,2000-01-01,imran@gmail.com,Unknown
1062,Farah,29.0,F,HR,Pune,58000.0,2000-01-01,farah@gmail.com,Unknown
1063,Yogesh,35.0,M,Finance,Delhi,76000.0,2019-01-04,yogesh@gmail.com,9812345678
1064,Alok,46.0,M,Unknown,Mumbai,125000.0,2000-01-01,alok@gmail.com,9988776655
1065,Priyanka,35.0,F,Marketing,Bangalore,64000.0,2000-01-01,Unknown,9998887770
1066,Ritu,27.0,F,HR,Unknown,52000.0,2022-11-11,ritu@gmail.com,9876543210
1067,Dev,34.0,M,IT,Pune,91000.0,2018-05-05,dev@gmail.com,9876501111
1068,Mehul,35.0,M,Finance,Mumbai,70000.0,2017-03-03,mehul@gmail.com,9990009990
1069,Sana,24.0,F,Marketing,Delhi,43000.0,2000-01-01,sana@gmail.com,8887776665
1070,Keshav,58.0,M,IT,Unknown,150000.0,2008-10-10,keshav@gmail.com,9999999999
1071,Pooja,35.0,F,HR,Bangalore,49000.0,2000-01-01,pooja@gmail.com,Unknown
1072,Rahul,36.0,M,Finance,Pune,84000.0,2000-01-01,rahul@gmail.com,9876123456
1073,Neha,27.0,F,Unknown,Mumbai,56000.0,2022-04-04,neha@gmail.com,Unknown
1074,Vikas,44.0,M,IT,Delhi,102000.0,2015-09-09,vikas@gmail.com,9870001112
1075,Shweta,32.0,F,Marketing,Pune,70000.0,2000-01-01,shweta@gmail.com,9991112223
1076,Ashok,65.0,M,Finance,Bangalore,250000.0,2005-05-05,ashok@gmail.com,9998887776
1077,Nitin,35.0,M,IT,Mumbai,79000.0,2020-01-13,nitin@gmail.com,9874567890
1078,Kajal,23.0,F,HR,Delhi,39000.0,2023-01-01,kajal@gmail.com,1231231231
1079,Omkar,37.0,M,Unknown,Pune,86000.0,2000-01-01,omkar@gmail.com,Unknown
1080,Tanvi,29.0,F,Marketing,Mumbai,62000.0,2000-01-01,tanvi@gmail.com,9877776666
1081,Ramesh,35.0,M,Finance,Unknown,92000.0,2000-01-01,ramesh@gmail.com,9812345678
1082,Preeti,34.0,F,HR,Bangalore,71000.0,2000-01-01,preeti@gmail.com,Unknown
1083,Sachin,45.0,M,IT,Mumbai,115000.0,2014-04-04,sachin@gmail.com,9876501234
1084,Isha,35.0,F,Marketing,Delhi,54000.0,2000-01-01,Unknown,9873216540
1085,Manoj,35.0,M,Finance,Pune,83000.0,2017-07-07,manoj@gmail.com,8884443332
1086,Reena,28.0,F,HR,Unknown,57000.0,2000-01-01,reena@gmail.com,Unknown
1087,Tarun,31.0,M,IT,Bangalore,69000.0,2020-10-10,tarun@gmail.com,9991113332
1088,Payal,35.0,F,Marketing,Mumbai,70000.0,2019-12-12,payal@gmail.com,9876540000
1089,Arvind,53.0,M,Finance,Delhi,170000.0,2012-01-01,arvind@gmail.com,9998887776
1090,Kiran,26.0,F,Unknown,Pune,51000.0,2022-06-06,kiran@gmail.com,Unknown
1091,Rohini,30.0,F,HR,Bangalore,60000.0,2000-01-01,rohini@gmail.com,9877771111
1092,Suraj,42.0,M,IT,Mumbai,98000.0,2016-09-09,suraj@gmail.com,9990001112
1093,Ayesha,35.0,F,Marketing,Delhi,58000.0,2000-01-01,ayesha@gmail.com,Unknown
1094,Mukesh,48.0,M,Finance,Pune,145000.0,2000-01-01,mukesh@gmail.com,9876549999
1095,Kavya,25.0,F,HR,Unknown,46000.0,2000-01-01,kavya@gmail.com,9871112223
1096,Dinesh,39.0,M,IT,Bangalore,91000.0,2018-08-08,dinesh@gmail.com,9999999999
1097,Puneet,35.0,M,Finance,Mumbai,70000.0,2017-11-11,puneet@gmail.com,Unknown
1098,Seema,35.0,F,Marketing,Pune,63000.0,2000-01-01,seema@gmail.com,9876500000
1099,Varun,28.0,M,IT,Unknown,72000.0,2000-01-01,Unknown,9873216549
1100,Ankita,35.0,F,HR,Delhi,55000.0,2000-01-01,ankita@gmail.com,Unknown
